URL,Zuletzt gecrawlt
https://www.finanzleser.de/provinzial-tierversicherung/,2026-08-21
https://www.finanzleser.de/vgh-pflegezusatzversicherung/,2026-08-21
https://www.finanzleser.de/bgv-reiseversicherung/,2026-08-21
https://www.finanzleser.de/huk24-unfallversicherung/,2026-08-20
https://www.finanzleser.de/immobilienfonds/?doing_wp_cron=1628551472.2487769126892089843750,2026-08-18
https://www.finanzleser.de/volltilgerdarlehen/?doing_wp_cron=1615607643.7960870265960693359375,2026-08-18
https://www.finanzleser.de/gesundheitsfonds/?doing_wp_cron=1631500597.5199930667877197265625,2026-08-18
https://www.finanzleser.de/sofortrente/?amp,2026-08-17
https://www.finanzleser.de/unterstuetzungskasse/?doing_wp_cron=1631735806.1080369949340820312500,2026-08-17
https://www.finanzleser.de/wohn-riester/?doing_wp_cron=1652147639.1843080520629882812500,2026-08-17
https://www.finanzleser.de/schuldverschreibung/?amp=1,2026-08-17
https://www.finanzleser.de/minijobrechner/,2026-08-17
https://www.finanzleser.de/erbfolge/?doing_wp_cron=1635509810.6018249988555908203125,2026-08-16
https://www.finanzleser.de/hansemerkur-pflegezusatzversicherung/,2026-08-15
https://www.finanzleser.de/steuerrechner/,2026-08-14
https://www.finanzleser.de/provinzial-pflegezusatzversicherung/,2026-08-14
https://www.finanzleser.de/mannheimer-unfallversicherung/,2026-08-09
https://www.finanzleser.de/page/10/,2026-08-07
https://www.finanzleser.de/targo-lebensversicherung/,2026-08-06
https://www.finanzleser.de/dokumente/steuerformulare-2017/Anlage_FW_2017.pdf,2026-08-05
https://www.finanzleser.de/zurich-wohngebaeudeversicherung/,2026-08-05
https://www.finanzleser.de/lvm-basisrente/,2026-08-05
https://www.finanzleser.de/wp-content/uploads/*,2026-08-03
https://www.finanzleser.de/wp-*.php,2026-08-01
https://www.finanzleser.de/devk-risikolebensversicherung/,2026-08-01
https://www.finanzleser.de/zurich-lebensversicherung-kuendigen/,2026-07-31
https://www.finanzleser.de/*,2026-07-29
https://www.finanzleser.de/wp-admin/*,2026-07-29
https://www.finanzleser.de/continentale-risikolebensversicherung/,2026-07-29
https://www.finanzleser.de/page/9/?amp,2026-07-28
https://www.finanzleser.de/strompreise/amp/?doing_wp_cron=1613445709.3879721164703369140625,2026-07-28
https://www.finanzleser.de/provinzial-kfz-versicherung/,2026-07-28
https://www.finanzleser.de/gehaltsumwandlung/amp/,2026-07-26
https://www.finanzleser.de/versicherungen-vermieter-verwalter/?doing_wp_cron=1614951331.6024069786071777343750,2026-07-26
https://www.finanzleser.de/die-haftpflichtkasse-unfallversicherung/,2026-07-23
https://www.finanzleser.de/signal-iduna-pflegezusatzversicherung/,2026-07-22
https://www.finanzleser.de/concordia-risikolebensversicherung/,2026-07-22
https://www.finanzleser.de/dokumente/steuerformulare-2019/Anlage_L_2019.pdf,2026-07-21
https://www.finanzleser.de/nv-tierversicherung/,2026-07-20
https://www.finanzleser.de/waldenburger-unfallversicherung/,2026-07-20
https://www.finanzleser.de/signal-iduna-lebensversicherung/,2026-07-20
https://www.finanzleser.de/page/4/,2026-07-20
https://www.finanzleser.de/huk-coburg-risikolebensversicherung/,2026-07-20
https://www.finanzleser.de/docura-kfz-versicherung/,2026-07-20
https://www.finanzleser.de/sitemap/,2026-07-19
https://www.finanzleser.de/zurich-rechtsschutzversicherung/,2026-07-18
https://www.finanzleser.de/betreuungsgeld/,2026-07-18
https://www.finanzleser.de/newsletter/,2026-07-18
https://www.finanzleser.de/gvv-direkt-wohngebaeudeversicherung/,2026-07-17
https://www.finanzleser.de/basler-unfallversicherung-kuendigen/,2026-07-16
https://www.finanzleser.de/ideal-kfz-versicherung/,2026-07-16
https://www.finanzleser.de/wgv-wohngebaeudeversicherung/,2026-07-16
https://www.finanzleser.de/ratenkreditrechner/?amp,2026-07-14
https://www.finanzleser.de/zurich-kfz-versicherung/,2026-07-14
https://www.finanzleser.de/wertgarantie-versicherung-kuendigen/,2026-07-14
https://www.finanzleser.de/gev-unfallversicherung/,2026-07-12
https://www.finanzleser.de/dokumente/steuerformulare-2020/Anlage_L_2020.pdf,2026-07-09
https://www.finanzleser.de/signal-iduna-tierversicherung/,2026-07-09
https://www.finanzleser.de/volkswohl-bund-lebensversicherung/,2026-07-07
https://www.finanzleser.de/wgv-hausratversicherung-kuendigen/,2026-07-05
https://www.finanzleser.de/grundrente/,2026-07-04
https://www.finanzleser.de/wwk-basisrente/,2026-07-04
https://www.finanzleser.de/concordia-rechtsschutzversicherung/,2026-07-04
https://www.finanzleser.de/muenchener-verein-wohngebaeudeversicherung/,2026-07-03
https://www.finanzleser.de/vpv-unfallversicherung/,2026-07-03
https://www.finanzleser.de/signal-iduna-rechtsschutzversicherung/,2026-06-30
https://www.finanzleser.de/flexirente/,2026-06-20
https://www.finanzleser.de/gothaer-versicherung-kuendigen/,2026-06-20
https://www.finanzleser.de/dialog-hausratversicherung/,2026-06-03
https://www.finanzleser.de/sparkassen-direktversicherung-kuendigen/,2026-05-30
https://www.finanzleser.de/lvm-versicherung-kuendigen/,2026-05-30
https://www.finanzleser.de/hannoversche-lebensversicherung-kuendigen/,2026-05-30
https://www.finanzleser.de/debeka-unfallversicherung/,2026-05-28
https://www.finanzleser.de/allianz-haftpflichtversicherung-kuendigen/,2026-05-26
https://www.finanzleser.de/helvetia-versicherung-kuendigen/,2026-05-21
https://www.finanzleser.de/bauzinsen/,2026-05-18
https://www.finanzleser.de/hansemerkur-krankenversicherung-kuendigen/,2026-05-09
https://www.finanzleser.de/mehrheit-der-wohnungen-werden-mit-gas-und-oel-beheizt/,2026-05-08
https://www.finanzleser.de/pdf-unterhaltsvorschuss/,2026-05-08
https://www.finanzleser.de/lvm-rechtsschutzversicherung/,2026-05-05
https://www.finanzleser.de/pflegetagegeldversicherung/,2026-04-22
https://www.finanzleser.de/deutsche-werden-aelter-als-angenommen/,2026-04-16
https://www.finanzleser.de/devk-unfallversicherung-kuendigen/,2026-04-15
https://www.finanzleser.de/heizkosten-pellets-am-guenstigsten/,2026-04-11
https://www.finanzleser.de/pdf-berufsstart-und-sozialversicherung/,2026-04-08
https://www.finanzleser.de/gev-haftpflichtversicherung-kuendigen/,2026-04-01
https://www.finanzleser.de/rv-rechtsschutz/,2026-03-30
https://www.finanzleser.de/bgv-rechtsschutzversicherung-kuendigen/,2026-03-24
https://www.finanzleser.de/deutsche-aerzteversicherung-kuendigen/,2026-03-18
https://www.finanzleser.de/alte-leipziger-lebensversicherung-kuendigen/,2026-03-17
https://www.finanzleser.de/interhyp/,2026-03-14
https://www.finanzleser.de/notarkosten-grundbuchkosten/,2026-03-13
https://www.finanzleser.de/hdi-versicherung-kuendigen/,2026-03-13
https://www.finanzleser.de/hiscox-haftpflichtversicherung-kuendigen/,2026-03-13
https://www.finanzleser.de/cosmos-direkt-hausratversicherung/,2026-03-13
https://www.finanzleser.de/arag-versicherung-kuendigen/,2026-03-13
https://www.finanzleser.de/lpv-lebensversicherung-kuendigen/,2026-03-12
https://www.finanzleser.de/pensionskasse/?doing_wp_cron=1652419616.4072608947753906250000,2026-03-12
https://www.finanzleser.de/rv-rechtsschutzversicherung/,2026-03-12
https://www.finanzleser.de/schuldverschreibung/?amp,2026-03-12
https://www.finanzleser.de/restschuldversicherung/?doing_wp_cron=1645963935.7049040794372558593750,2026-03-12
https://www.finanzleser.de/huk-coburg-rechtsschutzversicherung/,2026-03-11
https://www.finanzleser.de/steuern-deutschland/,2026-03-11
https://www.finanzleser.de/alte-leipziger-unfallversicherung/,2026-03-11
https://www.finanzleser.de/privatinsolvenz/,2026-03-11
https://www.finanzleser.de/das-machen-die-deutschen-im-netz/,2026-03-10
https://www.finanzleser.de/so-wird-das-jahr-2021-fuer-anleger/,2026-03-10
https://www.finanzleser.de/steigende-preise-treffen-wirtschaft-ueberall/,2026-03-10
https://www.finanzleser.de/welche-vorsaetze-haben-sie-fuer-2021/,2026-03-10
https://www.finanzleser.de/in-diesen-berufen-fehlen-azubis/,2026-03-10
https://www.finanzleser.de/digitale-echtheitszertifikate-nfts-als-renditebringer/,2026-03-10
https://www.finanzleser.de/bayern-versicherung-kuendigen/,2026-03-09
https://www.finanzleser.de/notarkosten-grundbuchkosten/?doing_wp_cron=1626542595.8344719409942626953125,2026-03-09
https://www.finanzleser.de/rheinland-versicherung-kuendigen/,2026-03-09
https://www.finanzleser.de/zurich-rechtsschutzversicherung-kuendigen/,2026-03-09
https://www.finanzleser.de/erbfolge/?doing_wp_cron=1635480935.1689450740814208984375,2026-03-09
https://www.finanzleser.de/erbfolge/?doing_wp_cron=1652983061.8835659027099609375000,2026-03-09
https://www.finanzleser.de/grundbuch/?doing_wp_cron=1619146744.7597510814666748046875,2026-03-09
https://www.finanzleser.de/mecklenburgische-rechtsschutzversicherung/,2026-03-09
https://www.finanzleser.de/gev-versicherung-kuendigen/,2026-03-08
https://www.finanzleser.de/generali-versicherung-kuendigen/,2026-03-08
https://www.finanzleser.de/gesetze-und-regelungen-aktuell-august-2025/,2026-03-08
https://www.finanzleser.de/wuerttembergische-hausratversicherung-kuendigen/,2026-03-07
https://www.finanzleser.de/gev-haftpflichtversicherung/,2026-03-07
https://www.finanzleser.de/notarkosten-grundbuchkosten/?doing_wp_cron=1628194478.0465068817138671875000,2026-03-06
https://www.finanzleser.de/gothaer-haftpflichtversicherung/,2026-03-06
https://www.finanzleser.de/concordia-unfallversicherung/,2026-03-05
https://www.finanzleser.de/?p=3708,2026-03-05
https://www.finanzleser.de/docura-versicherung-kuendigen/,2026-03-05
https://www.finanzleser.de/restschuldversicherung/?amp,2026-03-05
https://www.finanzleser.de/notarkosten-grundbuchkosten/?doing_wp_cron=1612074089.7871260643005371093750/&nonamp=1,2026-03-05
https://www.finanzleser.de/signal-iduna-krankenversicherung-kuendigen/,2026-03-04
https://www.finanzleser.de/?p=3142,2026-03-04
https://www.finanzleser.de/steuern/,2026-03-04
https://www.finanzleser.de/docura-haftpflichtversicherung/,2026-03-04
https://www.finanzleser.de/wuerttembergische-haftpflichtversicherung-kuendigen/,2026-03-04
https://www.finanzleser.de/debeka-rechtsschutzversicherung/,2026-03-03
https://www.finanzleser.de/schuldverschreibung/,2026-03-03
https://www.finanzleser.de/dialog-haftpflichtversicherung-kuendigen/,2026-03-03
https://www.finanzleser.de/wgv-rechtsschutzversicherung/,2026-03-02
https://www.finanzleser.de/versicherungskammer-bayern-haftpflichtversicherung/,2026-03-02
https://www.finanzleser.de/foerdermittel-neubau-und-sanierung/?doing_wp_cron=1654013231.9408190250396728515625,2026-03-02
https://www.finanzleser.de/debeka-haftpflichtversicherung-kuendigen/,2026-03-02
https://www.finanzleser.de/pensionskasse/?doing_wp_cron=1617223100.3686220645904541015625,2026-03-02
https://www.finanzleser.de/pensionskasse/?doing_wp_cron=1633317212.4035410881042480468750,2026-03-02
https://www.finanzleser.de/pensionskasse/?doing_wp_cron=1635201134.8331110477447509765625,2026-03-02
https://www.finanzleser.de/vpv-hausratversicherung-kuendigen/,2026-03-02
https://www.finanzleser.de/forward-darlehen/,2026-03-02
https://www.finanzleser.de/arag-unfallversicherung-kuendigen/,2026-03-01
https://www.finanzleser.de/huk-coburg-lebensversicherung-kuendigen/,2026-03-01
https://www.finanzleser.de/wuerzburger-hausratversicherung-kuendigen/,2026-03-01
https://www.finanzleser.de/lohnsteuerrechner-2/,2026-02-28
https://www.finanzleser.de/alte-leipziger-haftpflichtversicherung-kuendigen/,2026-02-28
https://www.finanzleser.de/immobilienfonds/?doing_wp_cron=1626175752.8973460197448730468750,2026-02-28
https://www.finanzleser.de/immobilienfonds/?doing_wp_cron=1629529638.5011610984802246093750,2026-02-28
https://www.finanzleser.de/neue-blaue-kennzeichen-fuer-mofas-und-e-scooter-ab-maerz/,2026-02-28
https://www.finanzleser.de/immobilienfonds/?doing_wp_cron=1640466091.0575649738311767578125,2026-02-28
https://www.finanzleser.de/generali-haftpflichtversicherung/,2026-02-28
https://www.finanzleser.de/interhyp/?amp,2026-02-28
https://www.finanzleser.de/interhyp/?doing_wp_cron=1641779095.6485779285430908203125,2026-02-28
https://www.finanzleser.de/interhyp/?nonamp=1,2026-02-28
https://www.finanzleser.de/immobilienfonds/?doing_wp_cron=1614796552.4072830677032470703125,2026-02-28
https://www.finanzleser.de/lohnsteuer-rechner/,2026-02-27
https://www.finanzleser.de/forward-darlehen/?amp=1,2026-02-27
https://www.finanzleser.de/kadewe-insolvenz/,2026-02-27
https://www.finanzleser.de/restschuldversicherung/?doing_wp_cron=1648780739.1532928943634033203125,2026-02-27
https://www.finanzleser.de/forward-darlehen/?doing_wp_cron=1633914929.7770700454711914062500,2026-02-27
https://www.finanzleser.de/interhyp/?doing_wp_cron=1653922095.8701610565185546875000,2026-02-27
https://www.finanzleser.de/forward-darlehen/?amp,2026-02-27
https://www.finanzleser.de/forward-darlehen/?doing_wp_cron=1626725704.4776461124420166015625,2026-02-27
https://www.finanzleser.de/grundbuch/?nonamp=1,2026-02-26
https://www.finanzleser.de/forward-darlehen/?nonamp=1,2026-02-26
https://www.finanzleser.de/forward-darlehen/?doing_wp_cron=1611883186.0466721057891845703125,2026-02-26
https://www.finanzleser.de/interhyp/?doing_wp_cron=1622806157.8597040176391601562500,2026-02-25
https://www.finanzleser.de/grundfaehigkeitsversicherung/,2026-02-25
https://www.finanzleser.de/immobilienfonds/,2026-02-25
https://www.finanzleser.de/gesundheitsfonds/,2026-02-24
https://www.finanzleser.de/alte-leipziger-versicherung-kuendigen/,2026-02-24